Object Name,ESX Cluster,Datastore
linux-minimal-0001,poc01-67-cluster02,PURE-DS1-10TB
linux-minimal-0002,poc01-67-cluster02,PURE-DS1-10TB
linux-minimal-0003,poc01-67-cluster02,PURE-DS1-10TB
linux-minimal-0004,poc01-67-cluster02,PURE-DS1-10TB
linux-minimal-0005,poc01-67-cluster02,PURE-DS1-10TB
linux-minimal-0006,poc01-67-cluster02,PURE-DS1-10TB
linux-minimal-0007,poc01-67-cluster02,PURE-DS1-10TB
linux-minimal-0008,poc01-67-cluster02,PURE-DS1-10TB
linux-minimal-0009,poc01-67-cluster02,PURE-DS1-10TB
linux-minimal-0010,poc01-67-cluster02,PURE-DS1-10TB
linux-minimal-0011,poc01-67-cluster02,PURE-DS1-10TB
linux-minimal-0012,poc01-67-cluster02,PURE-DS1-10TB
linux-minimal-0013,poc01-67-cluster02,PURE-DS1-10TB
linux-minimal-0014,poc01-67-cluster02,PURE-DS1-10TB
linux-minimal-0015,poc01-67-cluster02,PURE-DS1-10TB
linux-minimal-0016,poc01-67-cluster02,PURE-DS1-10TB
linux-minimal-0017,poc01-67-cluster02,PURE-DS1-10TB
linux-minimal-0018,poc01-67-cluster02,PURE-DS1-10TB
linux-minimal-0019,poc01-67-cluster02,PURE-DS1-10TB
linux-minimal-0020,poc01-67-cluster02,PURE-DS1-10TB
linux-minimal-0021,poc01-67-cluster02,PURE-DS1-10TB
linux-minimal-0022,poc01-67-cluster02,PURE-DS1-10TB
linux-minimal-0023,poc01-67-cluster02,PURE-DS1-10TB
linux-minimal-0024,poc01-67-cluster02,PURE-DS1-10TB
linux-minimal-0025,poc01-67-cluster02,PURE-DS1-10TB
linux-minimal-0026,poc01-67-cluster02,PURE-DS1-10TB
linux-minimal-0027,poc01-67-cluster02,PURE-DS1-10TB
linux-minimal-0028,poc01-67-cluster02,PURE-DS1-10TB
linux-minimal-0029,poc01-67-cluster02,PURE-DS1-10TB
linux-minimal-0030,poc01-67-cluster02,PURE-DS1-10TB
linux-minimal-0031,poc01-67-cluster02,PURE-DS1-10TB
linux-minimal-0032,poc01-67-cluster02,PURE-DS1-10TB
linux-minimal-0033,poc01-67-cluster02,PURE-DS1-10TB
linux-minimal-0034,poc01-67-cluster02,PURE-DS1-10TB
linux-minimal-0035,poc01-67-cluster02,PURE-DS1-10TB
linux-minimal-0036,poc01-67-cluster02,PURE-DS1-10TB
linux-minimal-0037,poc01-67-cluster02,PURE-DS1-10TB
linux-minimal-0038,poc01-67-cluster02,PURE-DS1-10TB
linux-minimal-0039,poc01-67-cluster02,PURE-DS1-10TB
linux-minimal-0040,poc01-67-cluster02,PURE-DS1-10TB
linux-minimal-0041,poc01-67-cluster02,PURE-DS1-10TB
linux-minimal-0042,poc01-67-cluster02,PURE-DS1-10TB
linux-minimal-0043,poc01-67-cluster02,PURE-DS1-10TB
linux-minimal-0044,poc01-67-cluster02,PURE-DS1-10TB
linux-minimal-0045,poc01-67-cluster02,PURE-DS1-10TB
linux-minimal-0046,poc01-67-cluster02,PURE-DS1-10TB
linux-minimal-0047,poc01-67-cluster02,PURE-DS1-10TB
linux-minimal-0048,poc01-67-cluster02,PURE-DS1-10TB
linux-minimal-0049,poc01-67-cluster02,PURE-DS1-10TB
linux-minimal-0050,poc01-67-cluster02,PURE-DS1-10TB
linux-minimal-0051,poc01-67-cluster02,PURE-DS1-10TB
linux-minimal-0052,poc01-67-cluster02,PURE-DS1-10TB
linux-minimal-0053,poc01-67-cluster02,PURE-DS1-10TB
linux-minimal-0054,poc01-67-cluster02,PURE-DS1-10TB
linux-minimal-0055,poc01-67-cluster02,PURE-DS1-10TB
linux-minimal-0056,poc01-67-cluster02,PURE-DS1-10TB
linux-minimal-0057,poc01-67-cluster02,PURE-DS1-10TB
linux-minimal-0058,poc01-67-cluster02,PURE-DS1-10TB
linux-minimal-0059,poc01-67-cluster02,PURE-DS1-10TB
linux-minimal-0060,poc01-67-cluster02,PURE-DS1-10TB
linux-minimal-0061,poc01-67-cluster02,PURE-DS1-10TB
linux-minimal-0062,poc01-67-cluster02,PURE-DS1-10TB
linux-minimal-0063,poc01-67-cluster02,PURE-DS1-10TB
linux-minimal-0064,poc01-67-cluster02,PURE-DS1-10TB
linux-minimal-0065,poc01-67-cluster02,PURE-DS1-10TB
linux-minimal-0066,poc01-67-cluster02,PURE-DS1-10TB
linux-minimal-0067,poc01-67-cluster02,PURE-DS1-10TB
linux-minimal-0068,poc01-67-cluster02,PURE-DS1-10TB
linux-minimal-0069,poc01-67-cluster02,PURE-DS1-10TB
linux-minimal-0070,poc01-67-cluster02,PURE-DS1-10TB
linux-minimal-0071,poc01-67-cluster02,PURE-DS1-10TB
linux-minimal-0072,poc01-67-cluster02,PURE-DS1-10TB
linux-minimal-0073,poc01-67-cluster02,PURE-DS1-10TB
linux-minimal-0074,poc01-67-cluster02,PURE-DS1-10TB
linux-minimal-0075,poc01-67-cluster02,PURE-DS1-10TB
linux-minimal-0076,poc01-67-cluster02,PURE-DS1-10TB
linux-minimal-0077,poc01-67-cluster02,PURE-DS1-10TB
linux-minimal-0078,poc01-67-cluster02,PURE-DS1-10TB
linux-minimal-0079,poc01-67-cluster02,PURE-DS1-10TB
linux-minimal-0080,poc01-67-cluster02,PURE-DS1-10TB
linux-minimal-0081,poc01-67-cluster02,PURE-DS1-10TB
linux-minimal-0082,poc01-67-cluster02,PURE-DS1-10TB
linux-minimal-0083,poc01-67-cluster02,PURE-DS1-10TB
linux-minimal-0084,poc01-67-cluster02,PURE-DS1-10TB
linux-minimal-0085,poc01-67-cluster02,PURE-DS1-10TB
linux-minimal-0086,poc01-67-cluster02,PURE-DS1-10TB
linux-minimal-0087,poc01-67-cluster02,PURE-DS1-10TB
linux-minimal-0088,poc01-67-cluster02,PURE-DS1-10TB
linux-minimal-0089,poc01-67-cluster02,PURE-DS1-10TB
linux-minimal-0090,poc01-67-cluster02,PURE-DS1-10TB
linux-minimal-0091,poc01-67-cluster02,PURE-DS1-10TB
linux-minimal-0092,poc01-67-cluster02,PURE-DS1-10TB
linux-minimal-0093,poc01-67-cluster02,PURE-DS1-10TB
linux-minimal-0094,poc01-67-cluster02,PURE-DS1-10TB
linux-minimal-0095,poc01-67-cluster02,PURE-DS1-10TB
linux-minimal-0096,poc01-67-cluster02,PURE-DS1-10TB
linux-minimal-0097,poc01-67-cluster02,PURE-DS1-10TB
linux-minimal-0098,poc01-67-cluster02,PURE-DS1-10TB
linux-minimal-0099,poc01-67-cluster02,PURE-DS1-10TB
linux-minimal-0100,poc01-67-cluster02,PURE-DS1-10TB
linux-minimal-0101,poc01-67-cluster02,PURE-DS1-10TB
linux-minimal-0102,poc01-67-cluster02,PURE-DS1-10TB
linux-minimal-0103,poc01-67-cluster02,PURE-DS1-10TB
linux-minimal-0104,poc01-67-cluster02,PURE-DS1-10TB
linux-minimal-0105,poc01-67-cluster02,PURE-DS1-10TB
linux-minimal-0106,poc01-67-cluster02,PURE-DS1-10TB
linux-minimal-0107,poc01-67-cluster02,PURE-DS1-10TB
linux-minimal-0108,poc01-67-cluster02,PURE-DS1-10TB
linux-minimal-0109,poc01-67-cluster02,PURE-DS1-10TB
linux-minimal-0110,poc01-67-cluster02,PURE-DS1-10TB
linux-minimal-0111,poc01-67-cluster02,PURE-DS1-10TB
linux-minimal-0112,poc01-67-cluster02,PURE-DS1-10TB
linux-minimal-0113,poc01-67-cluster02,PURE-DS1-10TB
linux-minimal-0114,poc01-67-cluster02,PURE-DS1-10TB
linux-minimal-0115,poc01-67-cluster02,PURE-DS1-10TB
linux-minimal-0116,poc01-67-cluster02,PURE-DS1-10TB
linux-minimal-0117,poc01-67-cluster02,PURE-DS1-10TB
linux-minimal-0118,poc01-67-cluster02,PURE-DS1-10TB
linux-minimal-0119,poc01-67-cluster02,PURE-DS1-10TB
linux-minimal-0120,poc01-67-cluster02,PURE-DS1-10TB
linux-minimal-0121,poc01-67-cluster02,PURE-DS1-10TB
linux-minimal-0122,poc01-67-cluster02,PURE-DS1-10TB
linux-minimal-0123,poc01-67-cluster02,PURE-DS1-10TB
linux-minimal-0124,poc01-67-cluster02,PURE-DS1-10TB
linux-minimal-0125,poc01-67-cluster02,PURE-DS1-10TB
linux-minimal-0126,poc01-67-cluster02,PURE-DS1-10TB
linux-minimal-0127,poc01-67-cluster02,PURE-DS1-10TB
linux-minimal-0128,poc01-67-cluster02,PURE-DS1-10TB
linux-minimal-0129,poc01-67-cluster02,PURE-DS1-10TB
linux-minimal-0130,poc01-67-cluster02,PURE-DS1-10TB
linux-minimal-0131,poc01-67-cluster02,PURE-DS1-10TB
linux-minimal-0132,poc01-67-cluster02,PURE-DS1-10TB
linux-minimal-0133,poc01-67-cluster02,PURE-DS1-10TB
linux-minimal-0134,poc01-67-cluster02,PURE-DS1-10TB
linux-minimal-0135,poc01-67-cluster02,PURE-DS1-10TB
linux-minimal-0136,poc01-67-cluster02,PURE-DS1-10TB
linux-minimal-0137,poc01-67-cluster02,PURE-DS1-10TB
linux-minimal-0138,poc01-67-cluster02,PURE-DS1-10TB
linux-minimal-0139,poc01-67-cluster02,PURE-DS1-10TB
linux-minimal-0140,poc01-67-cluster02,PURE-DS1-10TB
linux-minimal-0141,poc01-67-cluster02,PURE-DS1-10TB
linux-minimal-0142,poc01-67-cluster02,PURE-DS1-10TB
linux-minimal-0143,poc01-67-cluster02,PURE-DS1-10TB
linux-minimal-0144,poc01-67-cluster02,PURE-DS1-10TB
linux-minimal-0145,poc01-67-cluster02,PURE-DS1-10TB
linux-minimal-0146,poc01-67-cluster02,PURE-DS1-10TB
linux-minimal-0147,poc01-67-cluster02,PURE-DS1-10TB
linux-minimal-0148,poc01-67-cluster02,PURE-DS1-10TB
linux-minimal-0149,poc01-67-cluster02,PURE-DS1-10TB
linux-minimal-0150,poc01-67-cluster02,PURE-DS1-10TB
linux-minimal-0151,poc01-67-cluster02,PURE-DS1-10TB
linux-minimal-0152,poc01-67-cluster02,PURE-DS1-10TB
linux-minimal-0153,poc01-67-cluster02,PURE-DS1-10TB
linux-minimal-0154,poc01-67-cluster02,PURE-DS1-10TB
linux-minimal-0155,poc01-67-cluster02,PURE-DS1-10TB
linux-minimal-0156,poc01-67-cluster02,PURE-DS1-10TB
linux-minimal-0157,poc01-67-cluster02,PURE-DS1-10TB
linux-minimal-0158,poc01-67-cluster02,PURE-DS1-10TB
linux-minimal-0159,poc01-67-cluster02,PURE-DS1-10TB
linux-minimal-0160,poc01-67-cluster02,PURE-DS1-10TB
linux-minimal-0161,poc01-67-cluster02,PURE-DS1-10TB
linux-minimal-0162,poc01-67-cluster02,PURE-DS1-10TB
linux-minimal-0163,poc01-67-cluster02,PURE-DS1-10TB
linux-minimal-0164,poc01-67-cluster02,PURE-DS1-10TB
linux-minimal-0165,poc01-67-cluster02,PURE-DS1-10TB
linux-minimal-0166,poc01-67-cluster02,PURE-DS1-10TB
linux-minimal-0167,poc01-67-cluster02,PURE-DS1-10TB
linux-minimal-0168,poc01-67-cluster02,PURE-DS1-10TB
linux-minimal-0169,poc01-67-cluster02,PURE-DS1-10TB
linux-minimal-0170,poc01-67-cluster02,PURE-DS1-10TB
linux-minimal-0171,poc01-67-cluster02,PURE-DS1-10TB
linux-minimal-0172,poc01-67-cluster02,PURE-DS1-10TB
linux-minimal-0173,poc01-67-cluster02,PURE-DS1-10TB
linux-minimal-0174,poc01-67-cluster02,PURE-DS1-10TB
linux-minimal-0175,poc01-67-cluster02,PURE-DS1-10TB
linux-minimal-0176,poc01-67-cluster02,PURE-DS1-10TB
linux-minimal-0177,poc01-67-cluster02,PURE-DS1-10TB
linux-minimal-0178,poc01-67-cluster02,PURE-DS1-10TB
linux-minimal-0179,poc01-67-cluster02,PURE-DS1-10TB
linux-minimal-0180,poc01-67-cluster02,PURE-DS1-10TB
linux-minimal-0181,poc01-67-cluster02,PURE-DS1-10TB
linux-minimal-0182,poc01-67-cluster02,PURE-DS1-10TB
linux-minimal-0183,poc01-67-cluster02,PURE-DS1-10TB
linux-minimal-0184,poc01-67-cluster02,PURE-DS1-10TB
linux-minimal-0185,poc01-67-cluster02,PURE-DS1-10TB
linux-minimal-0186,poc01-67-cluster02,PURE-DS1-10TB
linux-minimal-0187,poc01-67-cluster02,PURE-DS1-10TB
linux-minimal-0188,poc01-67-cluster02,PURE-DS1-10TB
linux-minimal-0189,poc01-67-cluster02,PURE-DS1-10TB
linux-minimal-0190,poc01-67-cluster02,PURE-DS1-10TB
linux-minimal-0191,poc01-67-cluster02,PURE-DS1-10TB
linux-minimal-0192,poc01-67-cluster02,PURE-DS1-10TB
linux-minimal-0193,poc01-67-cluster02,PURE-DS1-10TB
linux-minimal-0194,poc01-67-cluster02,PURE-DS1-10TB
linux-minimal-0195,poc01-67-cluster02,PURE-DS1-10TB
linux-minimal-0196,poc01-67-cluster02,PURE-DS1-10TB
linux-minimal-0197,poc01-67-cluster02,PURE-DS1-10TB
linux-minimal-0198,poc01-67-cluster02,PURE-DS1-10TB
linux-minimal-0199,poc01-67-cluster02,PURE-DS1-10TB
linux-minimal-0200,poc01-67-cluster02,PURE-DS1-10TB
linux-minimal-0201,poc01-67-cluster02,PURE-DS1-10TB
linux-minimal-0202,poc01-67-cluster02,PURE-DS1-10TB
linux-minimal-0203,poc01-67-cluster02,PURE-DS1-10TB
linux-minimal-0204,poc01-67-cluster02,PURE-DS1-10TB
linux-minimal-0205,poc01-67-cluster02,PURE-DS1-10TB
linux-minimal-0206,poc01-67-cluster02,PURE-DS1-10TB
linux-minimal-0207,poc01-67-cluster02,PURE-DS1-10TB
linux-minimal-0208,poc01-67-cluster02,PURE-DS1-10TB
linux-minimal-0209,poc01-67-cluster02,PURE-DS1-10TB
linux-minimal-0210,poc01-67-cluster02,PURE-DS1-10TB
linux-minimal-0211,poc01-67-cluster02,PURE-DS1-10TB
linux-minimal-0212,poc01-67-cluster02,PURE-DS1-10TB
linux-minimal-0213,poc01-67-cluster02,PURE-DS1-10TB
linux-minimal-0214,poc01-67-cluster02,PURE-DS1-10TB
linux-minimal-0215,poc01-67-cluster02,PURE-DS1-10TB
linux-minimal-0216,poc01-67-cluster02,PURE-DS1-10TB
linux-minimal-0217,poc01-67-cluster02,PURE-DS1-10TB
linux-minimal-0218,poc01-67-cluster02,PURE-DS1-10TB
linux-minimal-0219,poc01-67-cluster02,PURE-DS1-10TB
linux-minimal-0220,poc01-67-cluster02,PURE-DS1-10TB
linux-minimal-0221,poc01-67-cluster02,PURE-DS1-10TB
linux-minimal-0222,poc01-67-cluster02,PURE-DS1-10TB
linux-minimal-0223,poc01-67-cluster02,PURE-DS1-10TB
linux-minimal-0224,poc01-67-cluster02,PURE-DS1-10TB
linux-minimal-0225,poc01-67-cluster02,PURE-DS1-10TB
linux-minimal-0226,poc01-67-cluster02,PURE-DS1-10TB
linux-minimal-0227,poc01-67-cluster02,PURE-DS1-10TB
linux-minimal-0228,poc01-67-cluster02,PURE-DS1-10TB
linux-minimal-0229,poc01-67-cluster02,PURE-DS1-10TB
linux-minimal-0230,poc01-67-cluster02,PURE-DS1-10TB
linux-minimal-0231,poc01-67-cluster02,PURE-DS1-10TB
linux-minimal-0232,poc01-67-cluster02,PURE-DS1-10TB
linux-minimal-0233,poc01-67-cluster02,PURE-DS1-10TB
linux-minimal-0234,poc01-67-cluster02,PURE-DS1-10TB
linux-minimal-0235,poc01-67-cluster02,PURE-DS1-10TB
linux-minimal-0236,poc01-67-cluster02,PURE-DS1-10TB
linux-minimal-0237,poc01-67-cluster02,PURE-DS1-10TB
linux-minimal-0238,poc01-67-cluster02,PURE-DS1-10TB
linux-minimal-0239,poc01-67-cluster02,PURE-DS1-10TB
linux-minimal-0240,poc01-67-cluster02,PURE-DS1-10TB
linux-minimal-0241,poc01-67-cluster02,PURE-DS1-10TB
linux-minimal-0242,poc01-67-cluster02,PURE-DS1-10TB
linux-minimal-0243,poc01-67-cluster02,PURE-DS1-10TB
linux-minimal-0244,poc01-67-cluster02,PURE-DS1-10TB
linux-minimal-0245,poc01-67-cluster02,PURE-DS1-10TB
linux-minimal-0246,poc01-67-cluster02,PURE-DS1-10TB
linux-minimal-0247,poc01-67-cluster02,PURE-DS1-10TB
linux-minimal-0248,poc01-67-cluster02,PURE-DS1-10TB
linux-minimal-0249,poc01-67-cluster02,PURE-DS1-10TB
linux-minimal-0250,poc01-67-cluster02,PURE-DS1-10TB
linux-minimal-0251,poc01-67-cluster02,PURE-DS1-10TB
linux-minimal-0252,poc01-67-cluster02,PURE-DS1-10TB
linux-minimal-0253,poc01-67-cluster02,PURE-DS1-10TB
linux-minimal-0254,poc01-67-cluster02,PURE-DS1-10TB
linux-minimal-0255,poc01-67-cluster02,PURE-DS1-10TB
linux-minimal-0256,poc01-67-cluster02,PURE-DS1-10TB
linux-minimal-0257,poc01-67-cluster02,PURE-DS1-10TB
linux-minimal-0258,poc01-67-cluster02,PURE-DS1-10TB
linux-minimal-0259,poc01-67-cluster02,PURE-DS1-10TB
linux-minimal-0260,poc01-67-cluster02,PURE-DS1-10TB
linux-minimal-0261,poc01-67-cluster02,PURE-DS1-10TB
linux-minimal-0262,poc01-67-cluster02,PURE-DS1-10TB
linux-minimal-0263,poc01-67-cluster02,PURE-DS1-10TB
linux-minimal-0264,poc01-67-cluster02,PURE-DS1-10TB
linux-minimal-0265,poc01-67-cluster02,PURE-DS1-10TB
linux-minimal-0266,poc01-67-cluster02,PURE-DS1-10TB
linux-minimal-0267,poc01-67-cluster02,PURE-DS1-10TB
linux-minimal-0268,poc01-67-cluster02,PURE-DS1-10TB
linux-minimal-0269,poc01-67-cluster02,PURE-DS1-10TB
linux-minimal-0270,poc01-67-cluster02,PURE-DS1-10TB
linux-minimal-0271,poc01-67-cluster02,PURE-DS1-10TB
linux-minimal-0272,poc01-67-cluster02,PURE-DS1-10TB
linux-minimal-0273,poc01-67-cluster02,PURE-DS1-10TB
linux-minimal-0274,poc01-67-cluster02,PURE-DS1-10TB
linux-minimal-0275,poc01-67-cluster02,PURE-DS1-10TB
linux-minimal-0276,poc01-67-cluster02,PURE-DS1-10TB
linux-minimal-0277,poc01-67-cluster02,PURE-DS1-10TB
linux-minimal-0278,poc01-67-cluster02,PURE-DS1-10TB
linux-minimal-0279,poc01-67-cluster02,PURE-DS1-10TB
linux-minimal-0280,poc01-67-cluster02,PURE-DS1-10TB
linux-minimal-0281,poc01-67-cluster02,PURE-DS1-10TB
linux-minimal-0282,poc01-67-cluster02,PURE-DS1-10TB
linux-minimal-0283,poc01-67-cluster02,PURE-DS1-10TB
linux-minimal-0284,poc01-67-cluster02,PURE-DS1-10TB
linux-minimal-0285,poc01-67-cluster02,PURE-DS1-10TB
linux-minimal-0286,poc01-67-cluster02,PURE-DS1-10TB
linux-minimal-0287,poc01-67-cluster02,PURE-DS1-10TB
linux-minimal-0288,poc01-67-cluster02,PURE-DS1-10TB
linux-minimal-0289,poc01-67-cluster02,PURE-DS1-10TB
linux-minimal-0290,poc01-67-cluster02,PURE-DS1-10TB
linux-minimal-0291,poc01-67-cluster02,PURE-DS1-10TB
linux-minimal-0292,poc01-67-cluster02,PURE-DS1-10TB
linux-minimal-0293,poc01-67-cluster02,PURE-DS1-10TB
linux-minimal-0294,poc01-67-cluster02,PURE-DS1-10TB
linux-minimal-0295,poc01-67-cluster02,PURE-DS1-10TB
linux-minimal-0296,poc01-67-cluster02,PURE-DS1-10TB
linux-minimal-0297,poc01-67-cluster02,PURE-DS1-10TB
linux-minimal-0298,poc01-67-cluster02,PURE-DS1-10TB
linux-minimal-0299,poc01-67-cluster02,PURE-DS1-10TB
linux-minimal-0300,poc01-67-cluster02,PURE-DS1-10TB
linux-minimal-0301,poc01-67-cluster02,PURE-DS1-10TB
linux-minimal-0302,poc01-67-cluster02,PURE-DS1-10TB
linux-minimal-0303,poc01-67-cluster02,PURE-DS1-10TB
linux-minimal-0304,poc01-67-cluster02,PURE-DS1-10TB
linux-minimal-0305,poc01-67-cluster02,PURE-DS1-10TB
linux-minimal-0306,poc01-67-cluster02,PURE-DS1-10TB
linux-minimal-0307,poc01-67-cluster02,PURE-DS1-10TB
linux-minimal-0308,poc01-67-cluster02,PURE-DS1-10TB
linux-minimal-0309,poc01-67-cluster02,PURE-DS1-10TB
linux-minimal-0310,poc01-67-cluster02,PURE-DS1-10TB
linux-minimal-0311,poc01-67-cluster02,PURE-DS1-10TB
linux-minimal-0312,poc01-67-cluster02,PURE-DS1-10TB
linux-minimal-0313,poc01-67-cluster02,PURE-DS1-10TB
linux-minimal-0314,poc01-67-cluster02,PURE-DS1-10TB
linux-minimal-0315,poc01-67-cluster02,PURE-DS1-10TB
linux-minimal-0316,poc01-67-cluster02,PURE-DS1-10TB
linux-minimal-0317,poc01-67-cluster02,PURE-DS1-10TB
linux-minimal-0318,poc01-67-cluster02,PURE-DS1-10TB
linux-minimal-0319,poc01-67-cluster02,PURE-DS1-10TB
linux-minimal-0320,poc01-67-cluster02,PURE-DS1-10TB
linux-minimal-0321,poc01-67-cluster02,PURE-DS1-10TB
linux-minimal-0322,poc01-67-cluster02,PURE-DS1-10TB
linux-minimal-0323,poc01-67-cluster02,PURE-DS1-10TB
linux-minimal-0324,poc01-67-cluster02,PURE-DS1-10TB
linux-minimal-0325,poc01-67-cluster02,PURE-DS1-10TB
linux-minimal-0326,poc01-67-cluster02,PURE-DS1-10TB
linux-minimal-0327,poc01-67-cluster02,PURE-DS1-10TB
linux-minimal-0328,poc01-67-cluster02,PURE-DS1-10TB
linux-minimal-0329,poc01-67-cluster02,PURE-DS1-10TB
linux-minimal-0330,poc01-67-cluster02,PURE-DS1-10TB
linux-minimal-0331,poc01-67-cluster02,PURE-DS1-10TB
linux-minimal-0332,poc01-67-cluster02,PURE-DS1-10TB
linux-minimal-0333,poc01-67-cluster02,PURE-DS1-10TB
linux-minimal-0334,poc01-67-cluster02,PURE-DS1-10TB
linux-minimal-0335,poc01-67-cluster02,PURE-DS1-10TB
linux-minimal-0336,poc01-67-cluster02,PURE-DS1-10TB
linux-minimal-0337,poc01-67-cluster02,PURE-DS1-10TB
linux-minimal-0338,poc01-67-cluster02,PURE-DS1-10TB
linux-minimal-0339,poc01-67-cluster02,PURE-DS1-10TB
linux-minimal-0340,poc01-67-cluster02,PURE-DS1-10TB
linux-minimal-0341,poc01-67-cluster02,PURE-DS1-10TB
linux-minimal-0342,poc01-67-cluster02,PURE-DS1-10TB
linux-minimal-0343,poc01-67-cluster02,PURE-DS1-10TB
linux-minimal-0344,poc01-67-cluster02,PURE-DS1-10TB
linux-minimal-0345,poc01-67-cluster02,PURE-DS1-10TB
linux-minimal-0346,poc01-67-cluster02,PURE-DS1-10TB
linux-minimal-0347,poc01-67-cluster02,PURE-DS1-10TB
linux-minimal-0348,poc01-67-cluster02,PURE-DS1-10TB
linux-minimal-0349,poc01-67-cluster02,PURE-DS1-10TB
linux-minimal-0350,poc01-67-cluster02,PURE-DS1-10TB
linux-minimal-0351,poc01-67-cluster02,PURE-DS1-10TB
linux-minimal-0352,poc01-67-cluster02,PURE-DS1-10TB
linux-minimal-0353,poc01-67-cluster02,PURE-DS1-10TB
linux-minimal-0354,poc01-67-cluster02,PURE-DS1-10TB
linux-minimal-0355,poc01-67-cluster02,PURE-DS1-10TB
linux-minimal-0356,poc01-67-cluster02,PURE-DS1-10TB
linux-minimal-0357,poc01-67-cluster02,PURE-DS1-10TB
linux-minimal-0358,poc01-67-cluster02,PURE-DS1-10TB
linux-minimal-0359,poc01-67-cluster02,PURE-DS1-10TB
linux-minimal-0360,poc01-67-cluster02,PURE-DS1-10TB
linux-minimal-0361,poc01-67-cluster02,PURE-DS1-10TB
linux-minimal-0362,poc01-67-cluster02,PURE-DS1-10TB
linux-minimal-0363,poc01-67-cluster02,PURE-DS1-10TB
linux-minimal-0364,poc01-67-cluster02,PURE-DS1-10TB
linux-minimal-0365,poc01-67-cluster02,PURE-DS1-10TB
linux-minimal-0366,poc01-67-cluster02,PURE-DS1-10TB
linux-minimal-0367,poc01-67-cluster02,PURE-DS1-10TB
linux-minimal-0368,poc01-67-cluster02,PURE-DS1-10TB
linux-minimal-0369,poc01-67-cluster02,PURE-DS1-10TB
linux-minimal-0370,poc01-67-cluster02,PURE-DS1-10TB
linux-minimal-0371,poc01-67-cluster02,PURE-DS1-10TB
linux-minimal-0372,poc01-67-cluster02,PURE-DS1-10TB
linux-minimal-0373,poc01-67-cluster02,PURE-DS1-10TB
linux-minimal-0374,poc01-67-cluster02,PURE-DS1-10TB
linux-minimal-0375,poc01-67-cluster02,PURE-DS1-10TB
linux-minimal-0376,poc01-67-cluster02,PURE-DS1-10TB
linux-minimal-0377,poc01-67-cluster02,PURE-DS1-10TB
linux-minimal-0378,poc01-67-cluster02,PURE-DS1-10TB
linux-minimal-0379,poc01-67-cluster02,PURE-DS1-10TB
linux-minimal-0380,poc01-67-cluster02,PURE-DS1-10TB
linux-minimal-0381,poc01-67-cluster02,PURE-DS1-10TB
linux-minimal-0382,poc01-67-cluster02,PURE-DS1-10TB
linux-minimal-0383,poc01-67-cluster02,PURE-DS1-10TB
linux-minimal-0384,poc01-67-cluster02,PURE-DS1-10TB
linux-minimal-0385,poc01-67-cluster02,PURE-DS1-10TB
linux-minimal-0386,poc01-67-cluster02,PURE-DS1-10TB
linux-minimal-0387,poc01-67-cluster02,PURE-DS1-10TB
linux-minimal-0388,poc01-67-cluster02,PURE-DS1-10TB
linux-minimal-0389,poc01-67-cluster02,PURE-DS1-10TB
linux-minimal-0390,poc01-67-cluster02,PURE-DS1-10TB
linux-minimal-0391,poc01-67-cluster02,PURE-DS1-10TB
linux-minimal-0392,poc01-67-cluster02,PURE-DS1-10TB
linux-minimal-0393,poc01-67-cluster02,PURE-DS1-10TB
linux-minimal-0394,poc01-67-cluster02,PURE-DS1-10TB
linux-minimal-0395,poc01-67-cluster02,PURE-DS1-10TB
linux-minimal-0396,poc01-67-cluster02,PURE-DS1-10TB
linux-minimal-0397,poc01-67-cluster02,PURE-DS1-10TB
linux-minimal-0398,poc01-67-cluster02,PURE-DS1-10TB
linux-minimal-0399,poc01-67-cluster02,PURE-DS1-10TB
linux-minimal-0400,poc01-67-cluster02,PURE-DS1-10TB
linux-minimal-0401,poc01-67-cluster02,PURE-DS1-10TB
linux-minimal-0402,poc01-67-cluster02,PURE-DS1-10TB
linux-minimal-0403,poc01-67-cluster02,PURE-DS1-10TB
linux-minimal-0404,poc01-67-cluster02,PURE-DS1-10TB
linux-minimal-0405,poc01-67-cluster02,PURE-DS1-10TB
linux-minimal-0406,poc01-67-cluster02,PURE-DS1-10TB
linux-minimal-0407,poc01-67-cluster02,PURE-DS1-10TB
linux-minimal-0408,poc01-67-cluster02,PURE-DS1-10TB
linux-minimal-0409,poc01-67-cluster02,PURE-DS1-10TB
linux-minimal-0410,poc01-67-cluster02,PURE-DS1-10TB
linux-minimal-0411,poc01-67-cluster02,PURE-DS1-10TB
linux-minimal-0412,poc01-67-cluster02,PURE-DS1-10TB
linux-minimal-0413,poc01-67-cluster02,PURE-DS1-10TB
linux-minimal-0414,poc01-67-cluster02,PURE-DS1-10TB
linux-minimal-0415,poc01-67-cluster02,PURE-DS1-10TB
linux-minimal-0416,poc01-67-cluster02,PURE-DS1-10TB
linux-minimal-0417,poc01-67-cluster02,PURE-DS1-10TB
linux-minimal-0418,poc01-67-cluster02,PURE-DS1-10TB
linux-minimal-0419,poc01-67-cluster02,PURE-DS1-10TB
linux-minimal-0420,poc01-67-cluster02,PURE-DS1-10TB
linux-minimal-0421,poc01-67-cluster02,PURE-DS1-10TB
linux-minimal-0422,poc01-67-cluster02,PURE-DS1-10TB
linux-minimal-0423,poc01-67-cluster02,PURE-DS1-10TB
linux-minimal-0424,poc01-67-cluster02,PURE-DS1-10TB
linux-minimal-0425,poc01-67-cluster02,PURE-DS1-10TB
linux-minimal-0426,poc01-67-cluster02,PURE-DS1-10TB
linux-minimal-0427,poc01-67-cluster02,PURE-DS1-10TB
linux-minimal-0428,poc01-67-cluster02,PURE-DS1-10TB
linux-minimal-0429,poc01-67-cluster02,PURE-DS1-10TB
linux-minimal-0430,poc01-67-cluster02,PURE-DS1-10TB
linux-minimal-0431,poc01-67-cluster02,PURE-DS1-10TB
linux-minimal-0432,poc01-67-cluster02,PURE-DS1-10TB
linux-minimal-0433,poc01-67-cluster02,PURE-DS1-10TB
linux-minimal-0434,poc01-67-cluster02,PURE-DS1-10TB
linux-minimal-0435,poc01-67-cluster02,PURE-DS1-10TB
linux-minimal-0436,poc01-67-cluster02,PURE-DS1-10TB
linux-minimal-0437,poc01-67-cluster02,PURE-DS1-10TB
linux-minimal-0438,poc01-67-cluster02,PURE-DS1-10TB
linux-minimal-0439,poc01-67-cluster02,PURE-DS1-10TB
linux-minimal-0440,poc01-67-cluster02,PURE-DS1-10TB
linux-minimal-0441,poc01-67-cluster02,PURE-DS1-10TB
linux-minimal-0442,poc01-67-cluster02,PURE-DS1-10TB
linux-minimal-0443,poc01-67-cluster02,PURE-DS1-10TB
linux-minimal-0444,poc01-67-cluster02,PURE-DS1-10TB
linux-minimal-0445,poc01-67-cluster02,PURE-DS1-10TB
linux-minimal-0446,poc01-67-cluster02,PURE-DS1-10TB
linux-minimal-0447,poc01-67-cluster02,PURE-DS1-10TB
linux-minimal-0448,poc01-67-cluster02,PURE-DS1-10TB
linux-minimal-0449,poc01-67-cluster02,PURE-DS1-10TB
linux-minimal-0450,poc01-67-cluster02,PURE-DS1-10TB
linux-minimal-0451,poc01-67-cluster02,PURE-DS1-10TB
linux-minimal-0452,poc01-67-cluster02,PURE-DS1-10TB
linux-minimal-0453,poc01-67-cluster02,PURE-DS1-10TB
linux-minimal-0454,poc01-67-cluster02,PURE-DS1-10TB
linux-minimal-0455,poc01-67-cluster02,PURE-DS1-10TB
linux-minimal-0456,poc01-67-cluster02,PURE-DS1-10TB
linux-minimal-0457,poc01-67-cluster02,PURE-DS1-10TB
linux-minimal-0458,poc01-67-cluster02,PURE-DS1-10TB
linux-minimal-0459,poc01-67-cluster02,PURE-DS1-10TB
linux-minimal-0460,poc01-67-cluster02,PURE-DS1-10TB
linux-minimal-0461,poc01-67-cluster02,PURE-DS1-10TB
linux-minimal-0462,poc01-67-cluster02,PURE-DS1-10TB
linux-minimal-0463,poc01-67-cluster02,PURE-DS1-10TB
linux-minimal-0464,poc01-67-cluster02,PURE-DS1-10TB
linux-minimal-0465,poc01-67-cluster02,PURE-DS1-10TB
linux-minimal-0466,poc01-67-cluster02,PURE-DS1-10TB
linux-minimal-0467,poc01-67-cluster02,PURE-DS1-10TB
linux-minimal-0468,poc01-67-cluster02,PURE-DS1-10TB
linux-minimal-0469,poc01-67-cluster02,PURE-DS1-10TB
linux-minimal-0470,poc01-67-cluster02,PURE-DS1-10TB
linux-minimal-0471,poc01-67-cluster02,PURE-DS1-10TB
linux-minimal-0472,poc01-67-cluster02,PURE-DS1-10TB
linux-minimal-0473,poc01-67-cluster02,PURE-DS1-10TB
linux-minimal-0474,poc01-67-cluster02,PURE-DS1-10TB
linux-minimal-0475,poc01-67-cluster02,PURE-DS1-10TB
linux-minimal-0476,poc01-67-cluster02,PURE-DS1-10TB
linux-minimal-0477,poc01-67-cluster02,PURE-DS1-10TB
linux-minimal-0478,poc01-67-cluster02,PURE-DS1-10TB
linux-minimal-0479,poc01-67-cluster02,PURE-DS1-10TB
linux-minimal-0480,poc01-67-cluster02,PURE-DS1-10TB
linux-minimal-0481,poc01-67-cluster02,PURE-DS1-10TB
linux-minimal-0482,poc01-67-cluster02,PURE-DS1-10TB
linux-minimal-0483,poc01-67-cluster02,PURE-DS1-10TB
linux-minimal-0484,poc01-67-cluster02,PURE-DS1-10TB
linux-minimal-0485,poc01-67-cluster02,PURE-DS1-10TB
linux-minimal-0486,poc01-67-cluster02,PURE-DS1-10TB
linux-minimal-0487,poc01-67-cluster02,PURE-DS1-10TB
linux-minimal-0488,poc01-67-cluster02,PURE-DS1-10TB
linux-minimal-0489,poc01-67-cluster02,PURE-DS1-10TB
linux-minimal-0490,poc01-67-cluster02,PURE-DS1-10TB
linux-minimal-0491,poc01-67-cluster02,PURE-DS1-10TB
linux-minimal-0492,poc01-67-cluster02,PURE-DS1-10TB
linux-minimal-0493,poc01-67-cluster02,PURE-DS1-10TB
linux-minimal-0494,poc01-67-cluster02,PURE-DS1-10TB
linux-minimal-0495,poc01-67-cluster02,PURE-DS1-10TB
linux-minimal-0496,poc01-67-cluster02,PURE-DS1-10TB
linux-minimal-0497,poc01-67-cluster02,PURE-DS1-10TB
linux-minimal-0498,poc01-67-cluster02,PURE-DS1-10TB
linux-minimal-0499,poc01-67-cluster02,PURE-DS1-10TB
linux-minimal-0500,poc01-67-cluster02,PURE-DS1-10TB
linux-minimal-0501,poc01-67-cluster02,PURE-DS1-10TB
linux-minimal-0502,poc01-67-cluster02,PURE-DS1-10TB
linux-minimal-0503,poc01-67-cluster02,PURE-DS1-10TB
linux-minimal-0504,poc01-67-cluster02,PURE-DS1-10TB
linux-minimal-0505,poc01-67-cluster02,PURE-DS1-10TB
linux-minimal-0506,poc01-67-cluster02,PURE-DS1-10TB
linux-minimal-0507,poc01-67-cluster02,PURE-DS1-10TB
linux-minimal-0508,poc01-67-cluster02,PURE-DS1-10TB
linux-minimal-0509,poc01-67-cluster02,PURE-DS1-10TB
linux-minimal-0510,poc01-67-cluster02,PURE-DS1-10TB
linux-minimal-0511,poc01-67-cluster02,PURE-DS1-10TB
linux-minimal-0512,poc01-67-cluster02,PURE-DS1-10TB
linux-minimal-0513,poc01-67-cluster02,PURE-DS1-10TB
linux-minimal-0514,poc01-67-cluster02,PURE-DS1-10TB
linux-minimal-0515,poc01-67-cluster02,PURE-DS1-10TB
linux-minimal-0516,poc01-67-cluster02,PURE-DS1-10TB
linux-minimal-0517,poc01-67-cluster02,PURE-DS1-10TB
linux-minimal-0518,poc01-67-cluster02,PURE-DS1-10TB
linux-minimal-0519,poc01-67-cluster02,PURE-DS1-10TB
linux-minimal-0520,poc01-67-cluster02,PURE-DS1-10TB
linux-minimal-0521,poc01-67-cluster02,PURE-DS1-10TB
linux-minimal-0522,poc01-67-cluster02,PURE-DS1-10TB
linux-minimal-0523,poc01-67-cluster02,PURE-DS1-10TB
linux-minimal-0524,poc01-67-cluster02,PURE-DS1-10TB
linux-minimal-0525,poc01-67-cluster02,PURE-DS1-10TB
linux-minimal-0526,poc01-67-cluster02,PURE-DS1-10TB
linux-minimal-0527,poc01-67-cluster02,PURE-DS1-10TB
linux-minimal-0528,poc01-67-cluster02,PURE-DS1-10TB
linux-minimal-0529,poc01-67-cluster02,PURE-DS1-10TB
linux-minimal-0530,poc01-67-cluster02,PURE-DS1-10TB
linux-minimal-0531,poc01-67-cluster02,PURE-DS1-10TB
linux-minimal-0532,poc01-67-cluster02,PURE-DS1-10TB
linux-minimal-0533,poc01-67-cluster02,PURE-DS1-10TB
linux-minimal-0534,poc01-67-cluster02,PURE-DS1-10TB
linux-minimal-0535,poc01-67-cluster02,PURE-DS1-10TB
linux-minimal-0536,poc01-67-cluster02,PURE-DS1-10TB
linux-minimal-0537,poc01-67-cluster02,PURE-DS1-10TB
linux-minimal-0538,poc01-67-cluster02,PURE-DS1-10TB
linux-minimal-0539,poc01-67-cluster02,PURE-DS1-10TB
linux-minimal-0540,poc01-67-cluster02,PURE-DS1-10TB
linux-minimal-0541,poc01-67-cluster02,PURE-DS1-10TB
linux-minimal-0542,poc01-67-cluster02,PURE-DS1-10TB
linux-minimal-0543,poc01-67-cluster02,PURE-DS1-10TB
linux-minimal-0544,poc01-67-cluster02,PURE-DS1-10TB
linux-minimal-0545,poc01-67-cluster02,PURE-DS1-10TB
linux-minimal-0546,poc01-67-cluster02,PURE-DS1-10TB
linux-minimal-0547,poc01-67-cluster02,PURE-DS1-10TB
linux-minimal-0548,poc01-67-cluster02,PURE-DS1-10TB
linux-minimal-0549,poc01-67-cluster02,PURE-DS1-10TB
linux-minimal-0550,poc01-67-cluster02,PURE-DS1-10TB
linux-minimal-0551,poc01-67-cluster02,PURE-DS1-10TB
linux-minimal-0552,poc01-67-cluster02,PURE-DS1-10TB
linux-minimal-0553,poc01-67-cluster02,PURE-DS1-10TB
linux-minimal-0554,poc01-67-cluster02,PURE-DS1-10TB
linux-minimal-0555,poc01-67-cluster02,PURE-DS1-10TB
linux-minimal-0556,poc01-67-cluster02,PURE-DS1-10TB
linux-minimal-0557,poc01-67-cluster02,PURE-DS1-10TB
linux-minimal-0558,poc01-67-cluster02,PURE-DS1-10TB
linux-minimal-0559,poc01-67-cluster02,PURE-DS1-10TB
linux-minimal-0560,poc01-67-cluster02,PURE-DS1-10TB
linux-minimal-0561,poc01-67-cluster02,PURE-DS1-10TB
linux-minimal-0562,poc01-67-cluster02,PURE-DS1-10TB
linux-minimal-0563,poc01-67-cluster02,PURE-DS1-10TB
linux-minimal-0564,poc01-67-cluster02,PURE-DS1-10TB
linux-minimal-0565,poc01-67-cluster02,PURE-DS1-10TB
linux-minimal-0566,poc01-67-cluster02,PURE-DS1-10TB
linux-minimal-0567,poc01-67-cluster02,PURE-DS1-10TB
linux-minimal-0568,poc01-67-cluster02,PURE-DS1-10TB
linux-minimal-0569,poc01-67-cluster02,PURE-DS1-10TB
linux-minimal-0570,poc01-67-cluster02,PURE-DS1-10TB
linux-minimal-0571,poc01-67-cluster02,PURE-DS1-10TB
linux-minimal-0572,poc01-67-cluster02,PURE-DS1-10TB
linux-minimal-0573,poc01-67-cluster02,PURE-DS1-10TB
linux-minimal-0574,poc01-67-cluster02,PURE-DS1-10TB
linux-minimal-0575,poc01-67-cluster02,PURE-DS1-10TB
linux-minimal-0576,poc01-67-cluster02,PURE-DS1-10TB
linux-minimal-0577,poc01-67-cluster02,PURE-DS1-10TB
linux-minimal-0578,poc01-67-cluster02,PURE-DS1-10TB
linux-minimal-0579,poc01-67-cluster02,PURE-DS1-10TB
linux-minimal-0580,poc01-67-cluster02,PURE-DS1-10TB
linux-minimal-0581,poc01-67-cluster02,PURE-DS1-10TB
linux-minimal-0582,poc01-67-cluster02,PURE-DS1-10TB
linux-minimal-0583,poc01-67-cluster02,PURE-DS1-10TB
linux-minimal-0584,poc01-67-cluster02,PURE-DS1-10TB
linux-minimal-0585,poc01-67-cluster02,PURE-DS1-10TB
linux-minimal-0586,poc01-67-cluster02,PURE-DS1-10TB
linux-minimal-0587,poc01-67-cluster02,PURE-DS1-10TB
linux-minimal-0588,poc01-67-cluster02,PURE-DS1-10TB
linux-minimal-0589,poc01-67-cluster02,PURE-DS1-10TB
linux-minimal-0590,poc01-67-cluster02,PURE-DS1-10TB
linux-minimal-0591,poc01-67-cluster02,PURE-DS1-10TB
linux-minimal-0592,poc01-67-cluster02,PURE-DS1-10TB
linux-minimal-0593,poc01-67-cluster02,PURE-DS1-10TB
linux-minimal-0594,poc01-67-cluster02,PURE-DS1-10TB
linux-minimal-0595,poc01-67-cluster02,PURE-DS1-10TB
linux-minimal-0596,poc01-67-cluster02,PURE-DS1-10TB
linux-minimal-0597,poc01-67-cluster02,PURE-DS1-10TB
linux-minimal-0598,poc01-67-cluster02,PURE-DS1-10TB
linux-minimal-0599,poc01-67-cluster02,PURE-DS1-10TB
linux-minimal-0600,poc01-67-cluster02,PURE-DS1-10TB
linux-minimal-0601,poc01-67-cluster02,PURE-DS1-10TB
linux-minimal-0602,poc01-67-cluster02,PURE-DS1-10TB
linux-minimal-0603,poc01-67-cluster02,PURE-DS1-10TB
linux-minimal-0604,poc01-67-cluster02,PURE-DS1-10TB
linux-minimal-0605,poc01-67-cluster02,PURE-DS1-10TB
linux-minimal-0606,poc01-67-cluster02,PURE-DS1-10TB
linux-minimal-0607,poc01-67-cluster02,PURE-DS1-10TB
linux-minimal-0608,poc01-67-cluster02,PURE-DS1-10TB
linux-minimal-0609,poc01-67-cluster02,PURE-DS1-10TB
linux-minimal-0610,poc01-67-cluster02,PURE-DS1-10TB
linux-minimal-0611,poc01-67-cluster02,PURE-DS1-10TB
linux-minimal-0612,poc01-67-cluster02,PURE-DS1-10TB
linux-minimal-0613,poc01-67-cluster02,PURE-DS1-10TB
linux-minimal-0614,poc01-67-cluster02,PURE-DS1-10TB
linux-minimal-0615,poc01-67-cluster02,PURE-DS1-10TB
linux-minimal-0616,poc01-67-cluster02,PURE-DS1-10TB
linux-minimal-0617,poc01-67-cluster02,PURE-DS1-10TB
linux-minimal-0618,poc01-67-cluster02,PURE-DS1-10TB
linux-minimal-0619,poc01-67-cluster02,PURE-DS1-10TB
linux-minimal-0620,poc01-67-cluster02,PURE-DS1-10TB
linux-minimal-0621,poc01-67-cluster02,PURE-DS1-10TB
linux-minimal-0622,poc01-67-cluster02,PURE-DS1-10TB
linux-minimal-0623,poc01-67-cluster02,PURE-DS1-10TB
linux-minimal-0624,poc01-67-cluster02,PURE-DS1-10TB
linux-minimal-0625,poc01-67-cluster02,PURE-DS1-10TB
linux-minimal-0626,poc01-67-cluster02,PURE-DS1-10TB
linux-minimal-0627,poc01-67-cluster02,PURE-DS1-10TB
linux-minimal-0628,poc01-67-cluster02,PURE-DS1-10TB
linux-minimal-0629,poc01-67-cluster02,PURE-DS1-10TB
linux-minimal-0630,poc01-67-cluster02,PURE-DS1-10TB
linux-minimal-0631,poc01-67-cluster02,PURE-DS1-10TB
linux-minimal-0632,poc01-67-cluster02,PURE-DS1-10TB
linux-minimal-0633,poc01-67-cluster02,PURE-DS1-10TB
linux-minimal-0634,poc01-67-cluster02,PURE-DS1-10TB
linux-minimal-0635,poc01-67-cluster02,PURE-DS1-10TB
linux-minimal-0636,poc01-67-cluster02,PURE-DS1-10TB
linux-minimal-0637,poc01-67-cluster02,PURE-DS1-10TB
linux-minimal-0638,poc01-67-cluster02,PURE-DS1-10TB
linux-minimal-0639,poc01-67-cluster02,PURE-DS1-10TB
linux-minimal-0640,poc01-67-cluster02,PURE-DS1-10TB
linux-minimal-0641,poc01-67-cluster02,PURE-DS1-10TB
linux-minimal-0642,poc01-67-cluster02,PURE-DS1-10TB
linux-minimal-0643,poc01-67-cluster02,PURE-DS1-10TB
linux-minimal-0644,poc01-67-cluster02,PURE-DS1-10TB
linux-minimal-0645,poc01-67-cluster02,PURE-DS1-10TB
linux-minimal-0646,poc01-67-cluster02,PURE-DS1-10TB
linux-minimal-0647,poc01-67-cluster02,PURE-DS1-10TB
linux-minimal-0648,poc01-67-cluster02,PURE-DS1-10TB
linux-minimal-0649,poc01-67-cluster02,PURE-DS1-10TB
linux-minimal-0650,poc01-67-cluster02,PURE-DS1-10TB
linux-minimal-0651,poc01-67-cluster02,PURE-DS1-10TB
linux-minimal-0652,poc01-67-cluster02,PURE-DS1-10TB
linux-minimal-0653,poc01-67-cluster02,PURE-DS1-10TB
linux-minimal-0654,poc01-67-cluster02,PURE-DS1-10TB
linux-minimal-0655,poc01-67-cluster02,PURE-DS1-10TB
linux-minimal-0656,poc01-67-cluster02,PURE-DS1-10TB
linux-minimal-0657,poc01-67-cluster02,PURE-DS1-10TB
linux-minimal-0658,poc01-67-cluster02,PURE-DS1-10TB
linux-minimal-0659,poc01-67-cluster02,PURE-DS1-10TB
linux-minimal-0660,poc01-67-cluster02,PURE-DS1-10TB
linux-minimal-0661,poc01-67-cluster02,PURE-DS1-10TB
linux-minimal-0662,poc01-67-cluster02,PURE-DS1-10TB
linux-minimal-0663,poc01-67-cluster02,PURE-DS1-10TB
linux-minimal-0664,poc01-67-cluster02,PURE-DS1-10TB
linux-minimal-0665,poc01-67-cluster02,PURE-DS1-10TB
linux-minimal-0666,poc01-67-cluster02,PURE-DS1-10TB
linux-minimal-0667,poc01-67-cluster02,PURE-DS1-10TB
linux-minimal-0668,poc01-67-cluster02,PURE-DS1-10TB
linux-minimal-0669,poc01-67-cluster02,PURE-DS1-10TB
linux-minimal-0670,poc01-67-cluster02,PURE-DS1-10TB
linux-minimal-0671,poc01-67-cluster02,PURE-DS1-10TB
linux-minimal-0672,poc01-67-cluster02,PURE-DS1-10TB
linux-minimal-0673,poc01-67-cluster02,PURE-DS1-10TB
linux-minimal-0674,poc01-67-cluster02,PURE-DS1-10TB
linux-minimal-0675,poc01-67-cluster02,PURE-DS1-10TB
linux-minimal-0676,poc01-67-cluster02,PURE-DS1-10TB
linux-minimal-0677,poc01-67-cluster02,PURE-DS1-10TB
linux-minimal-0678,poc01-67-cluster02,PURE-DS1-10TB
linux-minimal-0679,poc01-67-cluster02,PURE-DS1-10TB
linux-minimal-0680,poc01-67-cluster02,PURE-DS1-10TB
linux-minimal-0681,poc01-67-cluster02,PURE-DS1-10TB
linux-minimal-0682,poc01-67-cluster02,PURE-DS1-10TB
linux-minimal-0683,poc01-67-cluster02,PURE-DS1-10TB
linux-minimal-0684,poc01-67-cluster02,PURE-DS1-10TB
linux-minimal-0685,poc01-67-cluster02,PURE-DS1-10TB
linux-minimal-0686,poc01-67-cluster02,PURE-DS1-10TB
linux-minimal-0687,poc01-67-cluster02,PURE-DS1-10TB
linux-minimal-0688,poc01-67-cluster02,PURE-DS1-10TB
linux-minimal-0689,poc01-67-cluster02,PURE-DS1-10TB
linux-minimal-0690,poc01-67-cluster02,PURE-DS1-10TB
linux-minimal-0691,poc01-67-cluster02,PURE-DS1-10TB
linux-minimal-0692,poc01-67-cluster02,PURE-DS1-10TB
linux-minimal-0693,poc01-67-cluster02,PURE-DS1-10TB
linux-minimal-0694,poc01-67-cluster02,PURE-DS1-10TB
linux-minimal-0695,poc01-67-cluster02,PURE-DS1-10TB
linux-minimal-0696,poc01-67-cluster02,PURE-DS1-10TB
linux-minimal-0697,poc01-67-cluster02,PURE-DS1-10TB
linux-minimal-0698,poc01-67-cluster02,PURE-DS1-10TB
linux-minimal-0699,poc01-67-cluster02,PURE-DS1-10TB
linux-minimal-0700,poc01-67-cluster02,PURE-DS1-10TB
linux-minimal-0701,poc01-67-cluster02,PURE-DS1-10TB
linux-minimal-0702,poc01-67-cluster02,PURE-DS1-10TB
linux-minimal-0703,poc01-67-cluster02,PURE-DS1-10TB
linux-minimal-0704,poc01-67-cluster02,PURE-DS1-10TB
linux-minimal-0705,poc01-67-cluster02,PURE-DS1-10TB
linux-minimal-0706,poc01-67-cluster02,PURE-DS1-10TB
linux-minimal-0707,poc01-67-cluster02,PURE-DS1-10TB
linux-minimal-0708,poc01-67-cluster02,PURE-DS1-10TB
linux-minimal-0709,poc01-67-cluster02,PURE-DS1-10TB
linux-minimal-0710,poc01-67-cluster02,PURE-DS1-10TB
linux-minimal-0711,poc01-67-cluster02,PURE-DS1-10TB
linux-minimal-0712,poc01-67-cluster02,PURE-DS1-10TB
linux-minimal-0713,poc01-67-cluster02,PURE-DS1-10TB
linux-minimal-0714,poc01-67-cluster02,PURE-DS1-10TB
linux-minimal-0715,poc01-67-cluster02,PURE-DS1-10TB
linux-minimal-0716,poc01-67-cluster02,PURE-DS1-10TB
linux-minimal-0717,poc01-67-cluster02,PURE-DS1-10TB
linux-minimal-0718,poc01-67-cluster02,PURE-DS1-10TB
linux-minimal-0719,poc01-67-cluster02,PURE-DS1-10TB
linux-minimal-0720,poc01-67-cluster02,PURE-DS1-10TB
linux-minimal-0721,poc01-67-cluster02,PURE-DS1-10TB
linux-minimal-0722,poc01-67-cluster02,PURE-DS1-10TB
linux-minimal-0723,poc01-67-cluster02,PURE-DS1-10TB
linux-minimal-0724,poc01-67-cluster02,PURE-DS1-10TB
linux-minimal-0725,poc01-67-cluster02,PURE-DS1-10TB
linux-minimal-0726,poc01-67-cluster02,PURE-DS1-10TB
linux-minimal-0727,poc01-67-cluster02,PURE-DS1-10TB
linux-minimal-0728,poc01-67-cluster02,PURE-DS1-10TB
linux-minimal-0729,poc01-67-cluster02,PURE-DS1-10TB
linux-minimal-0730,poc01-67-cluster02,PURE-DS1-10TB
linux-minimal-0731,poc01-67-cluster02,PURE-DS1-10TB
linux-minimal-0732,poc01-67-cluster02,PURE-DS1-10TB
linux-minimal-0733,poc01-67-cluster02,PURE-DS1-10TB
linux-minimal-0734,poc01-67-cluster02,PURE-DS1-10TB
linux-minimal-0735,poc01-67-cluster02,PURE-DS1-10TB
linux-minimal-0736,poc01-67-cluster02,PURE-DS1-10TB
linux-minimal-0737,poc01-67-cluster02,PURE-DS1-10TB
linux-minimal-0738,poc01-67-cluster02,PURE-DS1-10TB
linux-minimal-0739,poc01-67-cluster02,PURE-DS1-10TB
linux-minimal-0740,poc01-67-cluster02,PURE-DS1-10TB
linux-minimal-0741,poc01-67-cluster02,PURE-DS1-10TB
linux-minimal-0742,poc01-67-cluster02,PURE-DS1-10TB
linux-minimal-0743,poc01-67-cluster02,PURE-DS1-10TB
linux-minimal-0744,poc01-67-cluster02,PURE-DS1-10TB
linux-minimal-0745,poc01-67-cluster02,PURE-DS1-10TB
linux-minimal-0746,poc01-67-cluster02,PURE-DS1-10TB
linux-minimal-0747,poc01-67-cluster02,PURE-DS1-10TB
linux-minimal-0748,poc01-67-cluster02,PURE-DS1-10TB
linux-minimal-0749,poc01-67-cluster02,PURE-DS1-10TB
linux-minimal-0750,poc01-67-cluster02,PURE-DS1-10TB
linux-minimal-0751,poc01-67-cluster02,PURE-DS1-10TB
linux-minimal-0752,poc01-67-cluster02,PURE-DS1-10TB
linux-minimal-0753,poc01-67-cluster02,PURE-DS1-10TB
linux-minimal-0754,poc01-67-cluster02,PURE-DS1-10TB
linux-minimal-0755,poc01-67-cluster02,PURE-DS1-10TB
linux-minimal-0756,poc01-67-cluster02,PURE-DS1-10TB
linux-minimal-0757,poc01-67-cluster02,PURE-DS1-10TB
linux-minimal-0758,poc01-67-cluster02,PURE-DS1-10TB
linux-minimal-0759,poc01-67-cluster02,PURE-DS1-10TB
linux-minimal-0760,poc01-67-cluster02,PURE-DS1-10TB
linux-minimal-0761,poc01-67-cluster02,PURE-DS1-10TB
linux-minimal-0762,poc01-67-cluster02,PURE-DS1-10TB
linux-minimal-0763,poc01-67-cluster02,PURE-DS1-10TB
linux-minimal-0764,poc01-67-cluster02,PURE-DS1-10TB
linux-minimal-0765,poc01-67-cluster02,PURE-DS1-10TB
linux-minimal-0766,poc01-67-cluster02,PURE-DS1-10TB
linux-minimal-0767,poc01-67-cluster02,PURE-DS1-10TB
linux-minimal-0768,poc01-67-cluster02,PURE-DS1-10TB
linux-minimal-0769,poc01-67-cluster02,PURE-DS1-10TB
linux-minimal-0770,poc01-67-cluster02,PURE-DS1-10TB
linux-minimal-0771,poc01-67-cluster02,PURE-DS1-10TB
linux-minimal-0772,poc01-67-cluster02,PURE-DS1-10TB
linux-minimal-0773,poc01-67-cluster02,PURE-DS1-10TB
linux-minimal-0774,poc01-67-cluster02,PURE-DS1-10TB
linux-minimal-0775,poc01-67-cluster02,PURE-DS1-10TB
linux-minimal-0776,poc01-67-cluster02,PURE-DS1-10TB
linux-minimal-0777,poc01-67-cluster02,PURE-DS1-10TB
linux-minimal-0778,poc01-67-cluster02,PURE-DS1-10TB
linux-minimal-0779,poc01-67-cluster02,PURE-DS1-10TB
linux-minimal-0780,poc01-67-cluster02,PURE-DS1-10TB
linux-minimal-0781,poc01-67-cluster02,PURE-DS1-10TB
linux-minimal-0782,poc01-67-cluster02,PURE-DS1-10TB
linux-minimal-0783,poc01-67-cluster02,PURE-DS1-10TB
linux-minimal-0784,poc01-67-cluster02,PURE-DS1-10TB
linux-minimal-0785,poc01-67-cluster02,PURE-DS1-10TB
linux-minimal-0786,poc01-67-cluster02,PURE-DS1-10TB
linux-minimal-0787,poc01-67-cluster02,PURE-DS1-10TB
linux-minimal-0788,poc01-67-cluster02,PURE-DS1-10TB
linux-minimal-0789,poc01-67-cluster02,PURE-DS1-10TB
linux-minimal-0790,poc01-67-cluster02,PURE-DS1-10TB
linux-minimal-0791,poc01-67-cluster02,PURE-DS1-10TB
linux-minimal-0792,poc01-67-cluster02,PURE-DS1-10TB
linux-minimal-0793,poc01-67-cluster02,PURE-DS1-10TB
linux-minimal-0794,poc01-67-cluster02,PURE-DS1-10TB
linux-minimal-0795,poc01-67-cluster02,PURE-DS1-10TB
linux-minimal-0796,poc01-67-cluster02,PURE-DS1-10TB
linux-minimal-0797,poc01-67-cluster02,PURE-DS1-10TB
linux-minimal-0798,poc01-67-cluster02,PURE-DS1-10TB
linux-minimal-0799,poc01-67-cluster02,PURE-DS1-10TB
linux-minimal-0800,poc01-67-cluster02,PURE-DS1-10TB
linux-minimal-0801,poc01-67-cluster02,PURE-DS1-10TB
linux-minimal-0802,poc01-67-cluster02,PURE-DS1-10TB
linux-minimal-0803,poc01-67-cluster02,PURE-DS1-10TB
linux-minimal-0804,poc01-67-cluster02,PURE-DS1-10TB
linux-minimal-0805,poc01-67-cluster02,PURE-DS1-10TB
linux-minimal-0806,poc01-67-cluster02,PURE-DS1-10TB
linux-minimal-0807,poc01-67-cluster02,PURE-DS1-10TB
linux-minimal-0808,poc01-67-cluster02,PURE-DS1-10TB
linux-minimal-0809,poc01-67-cluster02,PURE-DS1-10TB
linux-minimal-0810,poc01-67-cluster02,PURE-DS1-10TB
linux-minimal-0811,poc01-67-cluster02,PURE-DS1-10TB
linux-minimal-0812,poc01-67-cluster02,PURE-DS1-10TB
linux-minimal-0813,poc01-67-cluster02,PURE-DS1-10TB
linux-minimal-0814,poc01-67-cluster02,PURE-DS1-10TB
linux-minimal-0815,poc01-67-cluster02,PURE-DS1-10TB
linux-minimal-0816,poc01-67-cluster02,PURE-DS1-10TB
linux-minimal-0817,poc01-67-cluster02,PURE-DS1-10TB
linux-minimal-0818,poc01-67-cluster02,PURE-DS1-10TB
linux-minimal-0819,poc01-67-cluster02,PURE-DS1-10TB
linux-minimal-0820,poc01-67-cluster02,PURE-DS1-10TB
linux-minimal-0821,poc01-67-cluster02,PURE-DS1-10TB
linux-minimal-0822,poc01-67-cluster02,PURE-DS1-10TB
linux-minimal-0823,poc01-67-cluster02,PURE-DS1-10TB
linux-minimal-0824,poc01-67-cluster02,PURE-DS1-10TB
linux-minimal-0825,poc01-67-cluster02,PURE-DS1-10TB
linux-minimal-0826,poc01-67-cluster02,PURE-DS1-10TB
linux-minimal-0827,poc01-67-cluster02,PURE-DS1-10TB
linux-minimal-0828,poc01-67-cluster02,PURE-DS1-10TB
linux-minimal-0829,poc01-67-cluster02,PURE-DS1-10TB
linux-minimal-0830,poc01-67-cluster02,PURE-DS1-10TB
linux-minimal-0831,poc01-67-cluster02,PURE-DS1-10TB
linux-minimal-0832,poc01-67-cluster02,PURE-DS1-10TB
linux-minimal-0833,poc01-67-cluster02,PURE-DS1-10TB
linux-minimal-0834,poc01-67-cluster02,PURE-DS1-10TB
linux-minimal-0835,poc01-67-cluster02,PURE-DS1-10TB
linux-minimal-0836,poc01-67-cluster02,PURE-DS1-10TB
linux-minimal-0837,poc01-67-cluster02,PURE-DS1-10TB
linux-minimal-0838,poc01-67-cluster02,PURE-DS1-10TB
linux-minimal-0839,poc01-67-cluster02,PURE-DS1-10TB
linux-minimal-0840,poc01-67-cluster02,PURE-DS1-10TB
linux-minimal-0841,poc01-67-cluster02,PURE-DS1-10TB
linux-minimal-0842,poc01-67-cluster02,PURE-DS1-10TB
linux-minimal-0843,poc01-67-cluster02,PURE-DS1-10TB
linux-minimal-0844,poc01-67-cluster02,PURE-DS1-10TB
linux-minimal-0845,poc01-67-cluster02,PURE-DS1-10TB
linux-minimal-0846,poc01-67-cluster02,PURE-DS1-10TB
linux-minimal-0847,poc01-67-cluster02,PURE-DS1-10TB
linux-minimal-0848,poc01-67-cluster02,PURE-DS1-10TB
linux-minimal-0849,poc01-67-cluster02,PURE-DS1-10TB
linux-minimal-0850,poc01-67-cluster02,PURE-DS1-10TB
linux-minimal-0851,poc01-67-cluster02,PURE-DS1-10TB
linux-minimal-0852,poc01-67-cluster02,PURE-DS1-10TB
linux-minimal-0853,poc01-67-cluster02,PURE-DS1-10TB
linux-minimal-0854,poc01-67-cluster02,PURE-DS1-10TB
linux-minimal-0855,poc01-67-cluster02,PURE-DS1-10TB
linux-minimal-0856,poc01-67-cluster02,PURE-DS1-10TB
linux-minimal-0857,poc01-67-cluster02,PURE-DS1-10TB
linux-minimal-0858,poc01-67-cluster02,PURE-DS1-10TB
linux-minimal-0859,poc01-67-cluster02,PURE-DS1-10TB
linux-minimal-0860,poc01-67-cluster02,PURE-DS1-10TB
linux-minimal-0861,poc01-67-cluster02,PURE-DS1-10TB
linux-minimal-0862,poc01-67-cluster02,PURE-DS1-10TB
linux-minimal-0863,poc01-67-cluster02,PURE-DS1-10TB
linux-minimal-0864,poc01-67-cluster02,PURE-DS1-10TB
linux-minimal-0865,poc01-67-cluster02,PURE-DS1-10TB
linux-minimal-0866,poc01-67-cluster02,PURE-DS1-10TB
linux-minimal-0867,poc01-67-cluster02,PURE-DS1-10TB
linux-minimal-0868,poc01-67-cluster02,PURE-DS1-10TB
linux-minimal-0869,poc01-67-cluster02,PURE-DS1-10TB
linux-minimal-0870,poc01-67-cluster02,PURE-DS1-10TB
linux-minimal-0871,poc01-67-cluster02,PURE-DS1-10TB
linux-minimal-0872,poc01-67-cluster02,PURE-DS1-10TB
linux-minimal-0873,poc01-67-cluster02,PURE-DS1-10TB
linux-minimal-0874,poc01-67-cluster02,PURE-DS1-10TB
linux-minimal-0875,poc01-67-cluster02,PURE-DS1-10TB
linux-minimal-0876,poc01-67-cluster02,PURE-DS1-10TB
linux-minimal-0877,poc01-67-cluster02,PURE-DS1-10TB
linux-minimal-0878,poc01-67-cluster02,PURE-DS1-10TB
linux-minimal-0879,poc01-67-cluster02,PURE-DS1-10TB
linux-minimal-0880,poc01-67-cluster02,PURE-DS1-10TB
linux-minimal-0881,poc01-67-cluster02,PURE-DS1-10TB
linux-minimal-0882,poc01-67-cluster02,PURE-DS1-10TB
linux-minimal-0883,poc01-67-cluster02,PURE-DS1-10TB
linux-minimal-0884,poc01-67-cluster02,PURE-DS1-10TB
linux-minimal-0885,poc01-67-cluster02,PURE-DS1-10TB
linux-minimal-0886,poc01-67-cluster02,PURE-DS1-10TB
linux-minimal-0887,poc01-67-cluster02,PURE-DS1-10TB
linux-minimal-0888,poc01-67-cluster02,PURE-DS1-10TB
linux-minimal-0889,poc01-67-cluster02,PURE-DS1-10TB
linux-minimal-0890,poc01-67-cluster02,PURE-DS1-10TB
linux-minimal-0891,poc01-67-cluster02,PURE-DS1-10TB
linux-minimal-0892,poc01-67-cluster02,PURE-DS1-10TB
linux-minimal-0893,poc01-67-cluster02,PURE-DS1-10TB
linux-minimal-0894,poc01-67-cluster02,PURE-DS1-10TB
linux-minimal-0895,poc01-67-cluster02,PURE-DS1-10TB
linux-minimal-0896,poc01-67-cluster02,PURE-DS1-10TB
linux-minimal-0897,poc01-67-cluster02,PURE-DS1-10TB
linux-minimal-0898,poc01-67-cluster02,PURE-DS1-10TB
linux-minimal-0899,poc01-67-cluster02,PURE-DS1-10TB
linux-minimal-0900,poc01-67-cluster02,PURE-DS1-10TB
linux-minimal-0901,poc01-67-cluster02,PURE-DS1-10TB
linux-minimal-0902,poc01-67-cluster02,PURE-DS1-10TB
linux-minimal-0903,poc01-67-cluster02,PURE-DS1-10TB
linux-minimal-0904,poc01-67-cluster02,PURE-DS1-10TB
linux-minimal-0905,poc01-67-cluster02,PURE-DS1-10TB
linux-minimal-0906,poc01-67-cluster02,PURE-DS1-10TB
linux-minimal-0907,poc01-67-cluster02,PURE-DS1-10TB
linux-minimal-0908,poc01-67-cluster02,PURE-DS1-10TB
linux-minimal-0909,poc01-67-cluster02,PURE-DS1-10TB
linux-minimal-0910,poc01-67-cluster02,PURE-DS1-10TB
linux-minimal-0911,poc01-67-cluster02,PURE-DS1-10TB
linux-minimal-0912,poc01-67-cluster02,PURE-DS1-10TB
linux-minimal-0913,poc01-67-cluster02,PURE-DS1-10TB
linux-minimal-0914,poc01-67-cluster02,PURE-DS1-10TB
linux-minimal-0915,poc01-67-cluster02,PURE-DS1-10TB
linux-minimal-0916,poc01-67-cluster02,PURE-DS1-10TB
linux-minimal-0917,poc01-67-cluster02,PURE-DS1-10TB
linux-minimal-0918,poc01-67-cluster02,PURE-DS1-10TB
linux-minimal-0919,poc01-67-cluster02,PURE-DS1-10TB
linux-minimal-0920,poc01-67-cluster02,PURE-DS1-10TB
linux-minimal-0921,poc01-67-cluster02,PURE-DS1-10TB
linux-minimal-0922,poc01-67-cluster02,PURE-DS1-10TB
linux-minimal-0923,poc01-67-cluster02,PURE-DS1-10TB
linux-minimal-0924,poc01-67-cluster02,PURE-DS1-10TB
linux-minimal-0925,poc01-67-cluster02,PURE-DS1-10TB
linux-minimal-0926,poc01-67-cluster02,PURE-DS1-10TB
linux-minimal-0927,poc01-67-cluster02,PURE-DS1-10TB
linux-minimal-0928,poc01-67-cluster02,PURE-DS1-10TB
linux-minimal-0929,poc01-67-cluster02,PURE-DS1-10TB
linux-minimal-0930,poc01-67-cluster02,PURE-DS1-10TB
linux-minimal-0931,poc01-67-cluster02,PURE-DS1-10TB
linux-minimal-0932,poc01-67-cluster02,PURE-DS1-10TB
linux-minimal-0933,poc01-67-cluster02,PURE-DS1-10TB
linux-minimal-0934,poc01-67-cluster02,PURE-DS1-10TB
linux-minimal-0935,poc01-67-cluster02,PURE-DS1-10TB
linux-minimal-0936,poc01-67-cluster02,PURE-DS1-10TB
linux-minimal-0937,poc01-67-cluster02,PURE-DS1-10TB
linux-minimal-0938,poc01-67-cluster02,PURE-DS1-10TB
linux-minimal-0939,poc01-67-cluster02,PURE-DS1-10TB
linux-minimal-0940,poc01-67-cluster02,PURE-DS1-10TB
linux-minimal-0941,poc01-67-cluster02,PURE-DS1-10TB
linux-minimal-0942,poc01-67-cluster02,PURE-DS1-10TB
linux-minimal-0943,poc01-67-cluster02,PURE-DS1-10TB
linux-minimal-0944,poc01-67-cluster02,PURE-DS1-10TB
linux-minimal-0945,poc01-67-cluster02,PURE-DS1-10TB
linux-minimal-0946,poc01-67-cluster02,PURE-DS1-10TB
linux-minimal-0947,poc01-67-cluster02,PURE-DS1-10TB
linux-minimal-0948,poc01-67-cluster02,PURE-DS1-10TB
linux-minimal-0949,poc01-67-cluster02,PURE-DS1-10TB
linux-minimal-0950,poc01-67-cluster02,PURE-DS1-10TB
linux-minimal-0951,poc01-67-cluster02,PURE-DS1-10TB
linux-minimal-0952,poc01-67-cluster02,PURE-DS1-10TB
linux-minimal-0953,poc01-67-cluster02,PURE-DS1-10TB
linux-minimal-0954,poc01-67-cluster02,PURE-DS1-10TB
linux-minimal-0955,poc01-67-cluster02,PURE-DS1-10TB
linux-minimal-0956,poc01-67-cluster02,PURE-DS1-10TB
linux-minimal-0957,poc01-67-cluster02,PURE-DS1-10TB
linux-minimal-0958,poc01-67-cluster02,PURE-DS1-10TB
linux-minimal-0959,poc01-67-cluster02,PURE-DS1-10TB
linux-minimal-0960,poc01-67-cluster02,PURE-DS1-10TB
linux-minimal-0961,poc01-67-cluster02,PURE-DS1-10TB
linux-minimal-0962,poc01-67-cluster02,PURE-DS1-10TB
linux-minimal-0963,poc01-67-cluster02,PURE-DS1-10TB
linux-minimal-0964,poc01-67-cluster02,PURE-DS1-10TB
linux-minimal-0965,poc01-67-cluster02,PURE-DS1-10TB
linux-minimal-0966,poc01-67-cluster02,PURE-DS1-10TB
linux-minimal-0967,poc01-67-cluster02,PURE-DS1-10TB
linux-minimal-0968,poc01-67-cluster02,PURE-DS1-10TB
linux-minimal-0969,poc01-67-cluster02,PURE-DS1-10TB
linux-minimal-0970,poc01-67-cluster02,PURE-DS1-10TB
linux-minimal-0971,poc01-67-cluster02,PURE-DS1-10TB
linux-minimal-0972,poc01-67-cluster02,PURE-DS1-10TB
linux-minimal-0973,poc01-67-cluster02,PURE-DS1-10TB
linux-minimal-0974,poc01-67-cluster02,PURE-DS1-10TB
linux-minimal-0975,poc01-67-cluster02,PURE-DS1-10TB
linux-minimal-0976,poc01-67-cluster02,PURE-DS1-10TB
linux-minimal-0977,poc01-67-cluster02,PURE-DS1-10TB
linux-minimal-0978,poc01-67-cluster02,PURE-DS1-10TB
linux-minimal-0979,poc01-67-cluster02,PURE-DS1-10TB
linux-minimal-0980,poc01-67-cluster02,PURE-DS1-10TB
linux-minimal-0981,poc01-67-cluster02,PURE-DS1-10TB
linux-minimal-0982,poc01-67-cluster02,PURE-DS1-10TB
linux-minimal-0983,poc01-67-cluster02,PURE-DS1-10TB
linux-minimal-0984,poc01-67-cluster02,PURE-DS1-10TB
linux-minimal-0985,poc01-67-cluster02,PURE-DS1-10TB
linux-minimal-0986,poc01-67-cluster02,PURE-DS1-10TB
linux-minimal-0987,poc01-67-cluster02,PURE-DS1-10TB
linux-minimal-0988,poc01-67-cluster02,PURE-DS1-10TB
linux-minimal-0989,poc01-67-cluster02,PURE-DS1-10TB
linux-minimal-0990,poc01-67-cluster02,PURE-DS1-10TB
linux-minimal-0991,poc01-67-cluster02,PURE-DS1-10TB
linux-minimal-0992,poc01-67-cluster02,PURE-DS1-10TB
linux-minimal-0993,poc01-67-cluster02,PURE-DS1-10TB
linux-minimal-0994,poc01-67-cluster02,PURE-DS1-10TB
linux-minimal-0995,poc01-67-cluster02,PURE-DS1-10TB
linux-minimal-0996,poc01-67-cluster02,PURE-DS1-10TB
linux-minimal-0997,poc01-67-cluster02,PURE-DS1-10TB
linux-minimal-0998,poc01-67-cluster02,PURE-DS1-10TB
linux-minimal-0999,poc01-67-cluster02,PURE-DS1-10TB
linux-minimal-1000,poc01-67-cluster02,PURE-DS1-10TB
